[Header],,,,
FileFormatVersion,2,,,
RunName,GB500923-AH,,,
InstrumentPlatform,NextSeq1k2k,,,
IndexOrientation,Forward,,,
,,,,
[Reads],,,,
Read1Cycles,27,,,
Read2Cycles,27,,,
Index1Cycles,8,,,
Index2Cycles,8,,,
,,,,
[BCLConvert_Settings],,,,
SoftwareVersion,3.10.4,,,
NoLaneSplitting,FALSE,,,
OverrideCycles,Y27;I8;I8;Y27,,,
FastqCompressionFormat,gzip,,,
BarcodeMismatchesIndex1,0,,,
BarcodeMismatchesIndex2,0,,,
,,,,
[BCLConvert_Data],,,,
Sample_ID,Index,Index2,,
DSP-1001660007239-A-A01,GATATCTG,ATTCTGCA,,
DSP-1001660007239-A-A02,TATGCTGT,GCCTTGCG,,
DSP-1001660007239-A-A03,CCGCTGCT,ATCACATA,,
DSP-1001660007239-A-A04,AGCTCGTA,AGCGGAAG,,
DSP-1001660007239-A-A05,CATCTGGA,GTGTGGTA,,
DSP-1001660007239-A-A06,ATTGCCTT,TCCAACTT,,
DSP-1001660007239-A-A07,TTAACGCG,CCATCCGT,,
DSP-1001660007239-A-A08,GCAGCTAC,GCCACACA,,
DSP-1001660007239-A-A09,CTGGCGAC,AGAGTGTT,,
DSP-1001660007239-A-A10,TAACTCTG,GTGTTCCA,,
DSP-1001660007239-A-A11,GCCTCGAG,AGTAATTA,,
DSP-1001660007239-A-A12,AACACATA,GCAATTCA,,
DSP-1001660007239-A-B01,CTTGCCGC,GCCAAGGC,,
DSP-1001660007239-A-B02,TAACCTCT,TGGTTCCT,,
DSP-1001660007239-A-B03,ACCAGGCT,CCAATAAC,,
DSP-1001660007239-A-B04,GAAGTATG,GAGACATT,,
DSP-1001660007239-A-B05,TAATAGAT,CCAACCTA,,
DSP-1001660007239-A-B06,GTCTCTTC,TTCTCGCG,,
DSP-1001660007239-A-B07,CGACGTGG,GAATTAAC,,
DSP-1001660007239-A-B08,CCGTCCGA,CCGGATTC,,
DSP-1001660007239-A-B09,CCGCTCAC,CACTCGGT,,
DSP-1001660007239-A-B10,GTGGCCTC,ACACGTGC,,
DSP-1001660007239-A-B11,TGCCAACT,GAGCAATG,,
DSP-1001660007239-A-B12,CCATAGAG,CGTTCGCT,,
DSP-1001660007239-A-C01,CGCAACCT,ACCACTGT,,
DSP-1001660007239-A-C02,ACAGGAAC,TGTAACAC,,
DSP-1001660007239-A-C03,GTGTGGCG,CTGGTTGG,,
DSP-1001660007239-A-C04,CCTCCTGT,TGAACAAC,,
DSP-1001660007239-A-C05,GACCGTTG,CTCAACTA,,
DSP-1001660007239-A-C06,CCTTGGTT,GAAGCGCG,,
DSP-1001660007239-A-C07,AGTCTACA,TATTCTCT,,
DSP-1001660007239-A-C08,CGGCCTCT,TGTGGAAC,,
DSP-1001660007239-A-C09,AGAGAGGC,ATAGTATG,,
DSP-1001660007239-A-C10,CAGCCGAT,GTTGGAAT,,
DSP-1001660007239-A-C11,GAGAGTTC,TCGCCGAC,,
DSP-1001660007239-A-C12,TATGGCAA,GCCAGGCT,,
DSP-1001660007239-A-D01,TGGTGTCA,TTCAGTTC,,
DSP-1001660007239-A-D02,CCGAACGG,GATTCAAT,,
DSP-1001660007239-A-D03,GCCGGAAG,ATCAGACG,,
DSP-1001660007239-A-D04,GTATTGAG,GCCGAAGG,,
DSP-1001660007239-A-D05,TGAGATCA,CTCTCCGA,,
DSP-1001660007239-A-D06,TACAGGAA,TCTCGGAG,,
DSP-1001660007239-A-D07,ATTGTGGA,GATAGAAG,,
DSP-1001660007239-A-D08,GTTACAAG,ATACAAGT,,
DSP-1001660007239-A-D09,GTGAGCCA,TAGGAAGC,,
DSP-1001660007239-A-D10,CCGGATAT,TTGAGGTT,,
DSP-1001660007239-A-D11,CCTGTCGG,AATAATAT,,
DSP-1001660007239-A-D12,TCCGGAGC,TCCGAGAC,,
DSP-1001660007239-A-E01,TGGCCGGT,CTGGAGTT,,
DSP-1001660007239-A-E02,AAGATCAG,TAGAATAA,,
DSP-1001660007239-A-E03,CGAAGACT,TCTACGAA,,
DSP-1001660007239-A-E04,CTCGCGTA,GCAAGCGC,,
DSP-1001660007239-A-E05,GATGAGTT,ATATGGCG,,
DSP-1001660007239-A-E06,TGCCGGAC,TTATATTC,,
DSP-1001660007239-A-E07,GCCGCCAA,CAGGACGT,,
DSP-1001660007239-A-E08,ATCAGAAG,CGGCCACA,,
DSP-1001660007239-A-E09,AGTTCTCT,TGATTAAG,,
DSP-1001660007239-A-E10,GTTGTGTC,ATTGTCTT,,
DSP-1001660007239-A-E11,TAGAGTGT,CTCGCGTG,,
DSP-1001660007239-A-E12,CAACGCAT,AACCGCGC,,
DSP-1001660007239-A-F01,CCGCGACA,AGGCCTCT,,
DSP-1001660007239-A-F02,TCATGCGA,GCCACGTG,,
DSP-1001660007239-A-F03,GACAATTA,GTTCTCAA,,
DSP-1001660007239-A-F04,AGGAAGGT,CTCTTCAC,,
DSP-1001660007239-A-F05,CCATGTAA,CTACGATA,,
DSP-1001660007239-A-F06,CTCACATC,GCCAACCG,,
DSP-1001660007239-A-F07,GAGTCGCT,GCGACCGT,,
DSP-1001660007239-A-F08,ACACATCT,TGGTCTAC,,
DSP-1001660007239-A-F09,TCGGCTGC,GAACCTCT,,
DSP-1001660007239-A-F10,CCATTGGA,TTGCGCGA,,
DSP-1001660007239-A-F11,TTGGTTAC,CAGTGATT,,
DSP-1001660007239-A-F12,TGGAGACG,GCCATTAT,,
DSP-1001660007239-A-G01,CGCGTGTG,GCTCATAT,,
DSP-1001660007239-A-G02,GACATCGA,TGCGAATA,,
DSP-1001660007239-A-G03,AGGCCATT,ATGCAGAT,,
DSP-1001660007239-A-G04,TGTCCGCG,CATATAAT,,
DSP-1001660007239-A-G05,ACGCTAGA,ACACCGGT,,
DSP-1001660007239-A-G06,GAGACGTG,ATGGCGCG,,
DSP-1001660007239-A-G07,CGACCACG,CCGAGACA,,
DSP-1001660007239-A-G08,ACATTAAG,GCTGTCAT,,
DSP-1001660007239-A-G09,GATATGGC,TCACCAGG,,
DSP-1001660007239-A-G10,AGACCTTG,CTTAGATC,,
DSP-1001660007239-A-G11,TAGTCCGT,GCGGAGCT,,
DSP-1001660007239-A-G12,CAGTCTAC,TAACCTTC,,
DSP-1001660007239-A-H01,CCGGTGTC,TATCGATG,,
DSP-1001660007239-A-H02,GTAAGGCT,CCGGTGAG,,
DSP-1001660007239-A-H03,GCCTAAGG,AGATTCCA,,
DSP-1001660007239-A-H04,TAAGGCTC,AGATCATG,,
DSP-1001660007239-A-H05,ATATAACA,AGAATGGA,,
DSP-1001660007239-A-H06,TGGATAGT,TGTCCGGT,,
DSP-1001660007239-A-H07,GCAAGGAA,CCTGCGTA,,
DSP-1001660007239-A-H08,GTCCTTCT,CTTCGACG,,
DSP-1001660007239-A-H09,ATTCAAGA,CGAGAATC,,
DSP-1001660007239-A-H10,TCCTCTTA,ATTAAGGC,,
DSP-1001660007239-A-H11,TACGTCAG,CGCGCTCT,,
DSP-1001660007239-A-H12,GATATACA,GAATGGCT,,
,,,,
[Cloud_Settings],,,,
GeneratedVersion,1.10.0.202310021933,,,
BsshApp,illumina-inc.basespace-dragen-analysis.1.3.0,,,
,,,,
[Cloud_Data],,,,
Sample_ID,ProjectName,LibraryName,LibraryPrepKitName,IndexAdapterKitName
DSP-1001660007239-A-A01,GB500923-AH,DSP-1001660007239-A-A01_GATATCTG_ATTCTGCA,,
DSP-1001660007239-A-A02,GB500923-AH,DSP-1001660007239-A-A02_TATGCTGT_GCCTTGCG,,
DSP-1001660007239-A-A03,GB500923-AH,DSP-1001660007239-A-A03_CCGCTGCT_ATCACATA,,
DSP-1001660007239-A-A04,GB500923-AH,DSP-1001660007239-A-A04_AGCTCGTA_AGCGGAAG,,
DSP-1001660007239-A-A05,GB500923-AH,DSP-1001660007239-A-A05_CATCTGGA_GTGTGGTA,,
DSP-1001660007239-A-A06,GB500923-AH,DSP-1001660007239-A-A06_ATTGCCTT_TCCAACTT,,
DSP-1001660007239-A-A07,GB500923-AH,DSP-1001660007239-A-A07_TTAACGCG_CCATCCGT,,
DSP-1001660007239-A-A08,GB500923-AH,DSP-1001660007239-A-A08_GCAGCTAC_GCCACACA,,
DSP-1001660007239-A-A09,GB500923-AH,DSP-1001660007239-A-A09_CTGGCGAC_AGAGTGTT,,
DSP-1001660007239-A-A10,GB500923-AH,DSP-1001660007239-A-A10_TAACTCTG_GTGTTCCA,,
DSP-1001660007239-A-A11,GB500923-AH,DSP-1001660007239-A-A11_GCCTCGAG_AGTAATTA,,
DSP-1001660007239-A-A12,GB500923-AH,DSP-1001660007239-A-A12_AACACATA_GCAATTCA,,
DSP-1001660007239-A-B01,GB500923-AH,DSP-1001660007239-A-B01_CTTGCCGC_GCCAAGGC,,
DSP-1001660007239-A-B02,GB500923-AH,DSP-1001660007239-A-B02_TAACCTCT_TGGTTCCT,,
DSP-1001660007239-A-B03,GB500923-AH,DSP-1001660007239-A-B03_ACCAGGCT_CCAATAAC,,
DSP-1001660007239-A-B04,GB500923-AH,DSP-1001660007239-A-B04_GAAGTATG_GAGACATT,,
DSP-1001660007239-A-B05,GB500923-AH,DSP-1001660007239-A-B05_TAATAGAT_CCAACCTA,,
DSP-1001660007239-A-B06,GB500923-AH,DSP-1001660007239-A-B06_GTCTCTTC_TTCTCGCG,,
DSP-1001660007239-A-B07,GB500923-AH,DSP-1001660007239-A-B07_CGACGTGG_GAATTAAC,,
DSP-1001660007239-A-B08,GB500923-AH,DSP-1001660007239-A-B08_CCGTCCGA_CCGGATTC,,
DSP-1001660007239-A-B09,GB500923-AH,DSP-1001660007239-A-B09_CCGCTCAC_CACTCGGT,,
DSP-1001660007239-A-B10,GB500923-AH,DSP-1001660007239-A-B10_GTGGCCTC_ACACGTGC,,
DSP-1001660007239-A-B11,GB500923-AH,DSP-1001660007239-A-B11_TGCCAACT_GAGCAATG,,
DSP-1001660007239-A-B12,GB500923-AH,DSP-1001660007239-A-B12_CCATAGAG_CGTTCGCT,,
DSP-1001660007239-A-C01,GB500923-AH,DSP-1001660007239-A-C01_CGCAACCT_ACCACTGT,,
DSP-1001660007239-A-C02,GB500923-AH,DSP-1001660007239-A-C02_ACAGGAAC_TGTAACAC,,
DSP-1001660007239-A-C03,GB500923-AH,DSP-1001660007239-A-C03_GTGTGGCG_CTGGTTGG,,
DSP-1001660007239-A-C04,GB500923-AH,DSP-1001660007239-A-C04_CCTCCTGT_TGAACAAC,,
DSP-1001660007239-A-C05,GB500923-AH,DSP-1001660007239-A-C05_GACCGTTG_CTCAACTA,,
DSP-1001660007239-A-C06,GB500923-AH,DSP-1001660007239-A-C06_CCTTGGTT_GAAGCGCG,,
DSP-1001660007239-A-C07,GB500923-AH,DSP-1001660007239-A-C07_AGTCTACA_TATTCTCT,,
DSP-1001660007239-A-C08,GB500923-AH,DSP-1001660007239-A-C08_CGGCCTCT_TGTGGAAC,,
DSP-1001660007239-A-C09,GB500923-AH,DSP-1001660007239-A-C09_AGAGAGGC_ATAGTATG,,
DSP-1001660007239-A-C10,GB500923-AH,DSP-1001660007239-A-C10_CAGCCGAT_GTTGGAAT,,
DSP-1001660007239-A-C11,GB500923-AH,DSP-1001660007239-A-C11_GAGAGTTC_TCGCCGAC,,
DSP-1001660007239-A-C12,GB500923-AH,DSP-1001660007239-A-C12_TATGGCAA_GCCAGGCT,,
DSP-1001660007239-A-D01,GB500923-AH,DSP-1001660007239-A-D01_TGGTGTCA_TTCAGTTC,,
DSP-1001660007239-A-D02,GB500923-AH,DSP-1001660007239-A-D02_CCGAACGG_GATTCAAT,,
DSP-1001660007239-A-D03,GB500923-AH,DSP-1001660007239-A-D03_GCCGGAAG_ATCAGACG,,
DSP-1001660007239-A-D04,GB500923-AH,DSP-1001660007239-A-D04_GTATTGAG_GCCGAAGG,,
DSP-1001660007239-A-D05,GB500923-AH,DSP-1001660007239-A-D05_TGAGATCA_CTCTCCGA,,
DSP-1001660007239-A-D06,GB500923-AH,DSP-1001660007239-A-D06_TACAGGAA_TCTCGGAG,,
DSP-1001660007239-A-D07,GB500923-AH,DSP-1001660007239-A-D07_ATTGTGGA_GATAGAAG,,
DSP-1001660007239-A-D08,GB500923-AH,DSP-1001660007239-A-D08_GTTACAAG_ATACAAGT,,
DSP-1001660007239-A-D09,GB500923-AH,DSP-1001660007239-A-D09_GTGAGCCA_TAGGAAGC,,
DSP-1001660007239-A-D10,GB500923-AH,DSP-1001660007239-A-D10_CCGGATAT_TTGAGGTT,,
DSP-1001660007239-A-D11,GB500923-AH,DSP-1001660007239-A-D11_CCTGTCGG_AATAATAT,,
DSP-1001660007239-A-D12,GB500923-AH,DSP-1001660007239-A-D12_TCCGGAGC_TCCGAGAC,,
DSP-1001660007239-A-E01,GB500923-AH,DSP-1001660007239-A-E01_TGGCCGGT_CTGGAGTT,,
DSP-1001660007239-A-E02,GB500923-AH,DSP-1001660007239-A-E02_AAGATCAG_TAGAATAA,,
DSP-1001660007239-A-E03,GB500923-AH,DSP-1001660007239-A-E03_CGAAGACT_TCTACGAA,,
DSP-1001660007239-A-E04,GB500923-AH,DSP-1001660007239-A-E04_CTCGCGTA_GCAAGCGC,,
DSP-1001660007239-A-E05,GB500923-AH,DSP-1001660007239-A-E05_GATGAGTT_ATATGGCG,,
DSP-1001660007239-A-E06,GB500923-AH,DSP-1001660007239-A-E06_TGCCGGAC_TTATATTC,,
DSP-1001660007239-A-E07,GB500923-AH,DSP-1001660007239-A-E07_GCCGCCAA_CAGGACGT,,
DSP-1001660007239-A-E08,GB500923-AH,DSP-1001660007239-A-E08_ATCAGAAG_CGGCCACA,,
DSP-1001660007239-A-E09,GB500923-AH,DSP-1001660007239-A-E09_AGTTCTCT_TGATTAAG,,
DSP-1001660007239-A-E10,GB500923-AH,DSP-1001660007239-A-E10_GTTGTGTC_ATTGTCTT,,
DSP-1001660007239-A-E11,GB500923-AH,DSP-1001660007239-A-E11_TAGAGTGT_CTCGCGTG,,
DSP-1001660007239-A-E12,GB500923-AH,DSP-1001660007239-A-E12_CAACGCAT_AACCGCGC,,
DSP-1001660007239-A-F01,GB500923-AH,DSP-1001660007239-A-F01_CCGCGACA_AGGCCTCT,,
DSP-1001660007239-A-F02,GB500923-AH,DSP-1001660007239-A-F02_TCATGCGA_GCCACGTG,,
DSP-1001660007239-A-F03,GB500923-AH,DSP-1001660007239-A-F03_GACAATTA_GTTCTCAA,,
DSP-1001660007239-A-F04,GB500923-AH,DSP-1001660007239-A-F04_AGGAAGGT_CTCTTCAC,,
DSP-1001660007239-A-F05,GB500923-AH,DSP-1001660007239-A-F05_CCATGTAA_CTACGATA,,
DSP-1001660007239-A-F06,GB500923-AH,DSP-1001660007239-A-F06_CTCACATC_GCCAACCG,,
DSP-1001660007239-A-F07,GB500923-AH,DSP-1001660007239-A-F07_GAGTCGCT_GCGACCGT,,
DSP-1001660007239-A-F08,GB500923-AH,DSP-1001660007239-A-F08_ACACATCT_TGGTCTAC,,
DSP-1001660007239-A-F09,GB500923-AH,DSP-1001660007239-A-F09_TCGGCTGC_GAACCTCT,,
DSP-1001660007239-A-F10,GB500923-AH,DSP-1001660007239-A-F10_CCATTGGA_TTGCGCGA,,
DSP-1001660007239-A-F11,GB500923-AH,DSP-1001660007239-A-F11_TTGGTTAC_CAGTGATT,,
DSP-1001660007239-A-F12,GB500923-AH,DSP-1001660007239-A-F12_TGGAGACG_GCCATTAT,,
DSP-1001660007239-A-G01,GB500923-AH,DSP-1001660007239-A-G01_CGCGTGTG_GCTCATAT,,
DSP-1001660007239-A-G02,GB500923-AH,DSP-1001660007239-A-G02_GACATCGA_TGCGAATA,,
DSP-1001660007239-A-G03,GB500923-AH,DSP-1001660007239-A-G03_AGGCCATT_ATGCAGAT,,
DSP-1001660007239-A-G04,GB500923-AH,DSP-1001660007239-A-G04_TGTCCGCG_CATATAAT,,
DSP-1001660007239-A-G05,GB500923-AH,DSP-1001660007239-A-G05_ACGCTAGA_ACACCGGT,,
DSP-1001660007239-A-G06,GB500923-AH,DSP-1001660007239-A-G06_GAGACGTG_ATGGCGCG,,
DSP-1001660007239-A-G07,GB500923-AH,DSP-1001660007239-A-G07_CGACCACG_CCGAGACA,,
DSP-1001660007239-A-G08,GB500923-AH,DSP-1001660007239-A-G08_ACATTAAG_GCTGTCAT,,
DSP-1001660007239-A-G09,GB500923-AH,DSP-1001660007239-A-G09_GATATGGC_TCACCAGG,,
DSP-1001660007239-A-G10,GB500923-AH,DSP-1001660007239-A-G10_AGACCTTG_CTTAGATC,,
DSP-1001660007239-A-G11,GB500923-AH,DSP-1001660007239-A-G11_TAGTCCGT_GCGGAGCT,,
DSP-1001660007239-A-G12,GB500923-AH,DSP-1001660007239-A-G12_CAGTCTAC_TAACCTTC,,
DSP-1001660007239-A-H01,GB500923-AH,DSP-1001660007239-A-H01_CCGGTGTC_TATCGATG,,
DSP-1001660007239-A-H02,GB500923-AH,DSP-1001660007239-A-H02_GTAAGGCT_CCGGTGAG,,
DSP-1001660007239-A-H03,GB500923-AH,DSP-1001660007239-A-H03_GCCTAAGG_AGATTCCA,,
DSP-1001660007239-A-H04,GB500923-AH,DSP-1001660007239-A-H04_TAAGGCTC_AGATCATG,,
DSP-1001660007239-A-H05,GB500923-AH,DSP-1001660007239-A-H05_ATATAACA_AGAATGGA,,
DSP-1001660007239-A-H06,GB500923-AH,DSP-1001660007239-A-H06_TGGATAGT_TGTCCGGT,,
DSP-1001660007239-A-H07,GB500923-AH,DSP-1001660007239-A-H07_GCAAGGAA_CCTGCGTA,,
DSP-1001660007239-A-H08,GB500923-AH,DSP-1001660007239-A-H08_GTCCTTCT_CTTCGACG,,
DSP-1001660007239-A-H09,GB500923-AH,DSP-1001660007239-A-H09_ATTCAAGA_CGAGAATC,,
DSP-1001660007239-A-H10,GB500923-AH,DSP-1001660007239-A-H10_TCCTCTTA_ATTAAGGC,,
DSP-1001660007239-A-H11,GB500923-AH,DSP-1001660007239-A-H11_TACGTCAG_CGCGCTCT,,
DSP-1001660007239-A-H12,GB500923-AH,DSP-1001660007239-A-H12_GATATACA_GAATGGCT,,